,mean_fit_time,std_fit_time,mean_score_time,std_score_time,param_n_neighbors,param_weights,params,split0_test_score,split1_test_score,split2_test_score,split3_test_score,split4_test_score,mean_test_score,std_test_score,rank_test_score,split0_train_score,split1_train_score,split2_train_score,split3_train_score,split4_train_score,mean_train_score,std_train_score
0,0.012876653671264648,0.0029901736562054438,9.674507808685302,0.9883294941059246,5,distance,"{'n_neighbors': 5, 'weights': 'distance'}",0.7246922883697563,0.7250565468710731,0.711035696329814,0.7194063639793736,0.7270668176670442,0.7214511992759088,0.00579138317730505,1,0.9997485225700994,0.9996542620065376,0.9997171412408071,0.9997800333092417,0.9996858013636221,0.9997171520980614,4.4443639623736654e-05
